{
  "project_info": {
    "project_number": "601919541009",
    "firebase_url": "https://busevolution-887f3.firebaseio.com",
    "project_id": "busevolution-887f3",
    "storage_bucket": "busevolution-887f3.appspot.com"
  },
  "client": [
    {
      "client_info": {
        "mobilesdk_app_id": "1:601919541009:android:935e38aa00a6dd9b",
        "android_client_info": {
          "package_name": "com.present.bong.bus_evolution"
        }
      },
      "oauth_client": [
        {
          "client_id": "601919541009-2aq2nvk2fsqlho8a7h77f6cmg5ulm20a.apps.googleusercontent.com",
          "client_type": 1,
          "android_info": {
            "package_name": "com.present.bong.bus_evolution",
            "certificate_hash": "e4a68cb5f92d3677e844f601ab09f2b7d9e29f02"
          }
        },
        {
          "client_id": "601919541009-vh8sg7k5dunpepevioqvduk625pfrckm.apps.googleusercontent.com",
          "client_type": 3
        }
      ],
      "api_key": [
        {
          "current_key": "AIzaSyAiT_Nk6b-auvER_2ZppXW184Oi-KDcmgA"
        }
      ],
      "services": {
        "analytics_service": {
          "status": 1
        },
        "appinvite_service": {
          "status": 2,
          "other_platform_oauth_client": [
            {
              "client_id": "601919541009-vh8sg7k5dunpepevioqvduk625pfrckm.apps.googleusercontent.com",
              "client_type": 3
            }
          ]
        },
        "ads_service": {
          "status": 2
        }
      }
    }
  ],
  "configuration_version": "1"
}